,time,amount
count,284807.0,284807.0
mean,94813.85957508067,88.34961925093134
std,47488.14595456617,250.12010924018855
min,0.0,0.0
25%,54201.5,5.6
50%,84692.0,22.0
75%,139320.5,77.16499999999999
max,172792.0,25691.16
